Elapsed time,virtual.lab.inf.uva.es CPU,virtual.lab.inf.uva.es Disks I/O reads,virtual.lab.inf.uva.es Disks I/O writes,virtual.lab.inf.uva.es Memory usedperc,virtual.lab.inf.uva.es Swap
15:52:46.0,2.11,0.0,0.0,32.173,6598656.0
15:52:47.0,13.131,0.0,7.0,32.253,6598656.0
15:52:48.0,11.734,0.0,12.0,31.984,6598656.0
15:52:49.0,22.335,0.0,12.0,32.403,6598656.0
15:52:50.0,13.636,0.0,16.0,31.788,6598656.0
15:52:51.0,19.897,0.0,22.0,31.76,6598656.0
15:52:52.0,14.07,0.0,13.0,32.123,6598656.0
15:52:53.0,13.775,0.0,23.0,32.151,6598656.0
15:52:54.0,14.213,0.0,14.0,32.34,6598656.0
15:52:55.0,14.948,0.0,16.0,32.926,6598656.0
15:52:56.0,23.857,0.0,16.0,34.088,6598656.0
15:52:57.0,53.367,0.0,69.0,36.038,6598656.0
15:52:58.0,90.769,0.0,103.0,36.531,6598656.0
15:52:59.0,27.319,0.0,17.0,37.444,6598656.0
15:53:00.0,30.569,0.0,13.0,39.069,6598656.0
15:53:01.0,15.897,0.0,10.0,39.393,6598656.0
15:53:02.0,33.16,0.0,11.0,39.536,6598656.0
15:53:03.0,27.179,0.0,21.0,40.946,6598656.0
15:53:04.0,36.923,0.0,16.0,42.771,6598656.0
15:53:05.0,24.873,0.0,13.0,43.248,6598656.0
15:53:06.0,51.794,0.0,83.0,44.154,6598656.0
15:53:07.0,21.428,0.0,11.0,44.886,6598656.0
15:53:08.0,26.395,0.0,21.0,45.504,6598656.0
15:53:09.0,10.362,0.0,6.0,45.675,6598656.0
15:53:10.0,12.953,0.0,17.0,46.404,6598656.0
15:53:11.0,9.23,0.0,9.0,46.892,6598656.0
15:53:12.0,12.886,0.0,16.0,47.153,6598656.0
15:53:13.0,12.755,0.0,20.0,47.652,6598656.0
15:53:14.0,6.217,0.0,8.0,47.098,6598656.0
15:53:15.0,11.917,0.0,10.0,46.732,6598656.0
15:53:16.0,17.616,0.0,25.0,46.598,6598656.0
15:53:17.0,8.629,0.0,7.0,46.311,6598656.0
15:53:18.0,32.487,0.0,9.0,45.455,6598656.0
15:53:19.0,25.38,0.0,25.0,44.987,6598656.0
15:53:20.0,28.934,0.0,26.0,44.779,6598656.0
15:53:21.0,25.628,0.0,23.0,44.641,6598656.0
15:53:22.0,18.041,0.0,19.0,45.435,6598656.0
15:53:23.0,23.589,0.0,17.0,46.137,6598656.0
15:53:24.0,8.762,0.0,10.0,46.465,6598656.0
15:53:25.0,9.183,0.0,16.0,46.241,6598656.0
15:53:26.0,10.362,0.0,13.0,46.104,6598656.0
15:53:27.0,12.06,0.0,14.0,45.461,6598656.0
15:53:28.0,11.881,0.0,10.0,45.219,6598656.0
15:53:29.0,15.656,0.0,19.0,44.918,6598656.0
15:53:30.0,10.152,0.0,5.0,45.116,6598656.0
15:53:31.0,40.5,0.0,69.0,44.969,6598656.0
15:53:32.0,17.821,0.0,6.0,45.019,6598656.0
15:53:33.0,16.666,0.0,15.0,44.614,6598656.0
15:53:34.0,23.0,0.0,16.0,45.568,6598656.0
15:53:35.0,14.572,0.0,17.0,45.434,6598656.0
15:53:36.0,14.795,0.0,10.0,45.607,6598656.0
15:53:37.0,16.751,0.0,33.0,45.625,6598656.0
15:53:38.0,52.261,0.0,62.0,45.539,6598656.0
15:53:39.0,20.0,0.0,10.0,45.296,6598656.0
15:53:40.0,19.191,0.0,19.0,45.083,6598656.0
15:53:41.0,22.388,0.0,14.0,45.159,6598656.0
15:53:42.0,12.5,0.0,35.0,44.543,6598656.0
15:53:43.0,65.989,0.0,71.0,44.466,6598656.0
15:53:44.0,18.5,0.0,19.0,45.727,6598656.0
15:53:45.0,10.659,0.0,12.0,45.397,6598656.0
15:53:46.0,11.822,0.0,14.0,45.783,6598656.0
15:53:47.0,13.065,0.0,11.0,46.052,6598656.0
15:53:48.0,9.23,0.0,18.0,45.786,6598656.0
15:53:49.0,15.5,0.0,22.0,45.623,6598656.0
15:53:50.0,12.626,0.0,17.0,45.514,6598656.0
15:53:51.0,18.592,0.0,21.0,46.42,6598656.0
15:53:52.0,8.205,0.0,12.0,46.461,6598656.0
15:53:53.0,17.587,0.0,28.0,46.381,6598656.0
15:53:54.0,14.5,0.0,23.0,46.18,6598656.0
15:53:55.0,18.274,0.0,16.0,46.118,6598656.0
15:53:56.0,32.0,0.0,18.0,46.179,6598656.0
15:53:57.0,18.592,0.0,14.0,45.673,6598656.0
15:53:58.0,14.141,0.0,20.0,46.227,6598656.0
15:53:59.0,10.344,0.0,14.0,46.086,6598656.0
15:54:00.0,10.945,0.0,13.0,45.71,6598656.0
15:54:01.0,14.871,0.0,12.0,45.401,6598656.0
15:54:02.0,18.274,0.0,22.0,45.393,6598656.0
15:54:03.0,7.07,0.0,8.0,44.98,6598656.0
15:54:04.0,23.5,0.0,28.0,45.73,6598656.0
15:54:05.0,13.93,0.0,10.0,46.074,6598656.0
15:54:06.0,14.499,0.0,13.0,45.624,6598656.0
15:54:07.0,22.885,0.0,36.0,45.449,6598656.0
15:54:08.0,12.562,0.0,9.0,45.774,6598656.0
15:54:09.0,23.857,0.0,79.0,45.915,6598656.0
15:54:10.0,9.595,0.0,14.0,45.628,6598656.0
15:54:11.0,15.656,0.0,12.0,45.639,6598656.0
15:54:12.0,19.191,0.0,15.0,45.523,6598656.0
15:54:13.0,6.632,0.0,6.0,45.607,6598656.0
15:54:14.0,15.0,0.0,15.0,45.702,6598656.0
15:54:15.0,11.855,0.0,11.0,45.46,6598656.0
15:54:16.0,27.551,0.0,26.0,44.993,6598656.0
15:54:17.0,16.923,0.0,21.0,45.475,6598656.0
15:54:18.0,17.587,0.0,9.0,45.548,6598656.0
15:54:19.0,64.851,0.0,81.0,45.601,6598656.0
15:54:20.0,52.82,0.0,54.0,46.163,6598656.0
15:54:21.0,8.04,0.0,7.0,46.151,6598656.0
15:54:22.0,11.055,0.0,15.0,45.59,6598656.0
15:54:23.0,17.085,0.0,19.0,45.616,6598656.0
15:54:24.0,12.244,0.0,14.0,45.567,6598656.0
15:54:25.0,6.666,0.0,9.0,45.428,6598656.0
15:54:26.0,14.925,0.0,12.0,45.724,6598656.0
15:54:27.0,23.979,0.0,12.0,45.581,6598656.0
15:54:28.0,9.95,0.0,16.0,45.528,6598656.0
15:54:29.0,10.256,0.0,10.0,45.159,6598656.0
15:54:30.0,12.06,0.0,18.0,44.792,6598656.0
15:54:31.0,18.905,0.0,18.0,44.581,6598656.0
15:54:32.0,18.181,0.0,9.0,44.79,6598656.0
15:54:33.0,11.94,0.0,16.0,44.622,6598656.0
15:54:34.0,18.181,0.0,20.0,44.794,6598656.0
15:54:35.0,21.5,0.0,18.0,45.37,6598656.0
15:54:36.0,10.152,0.0,10.0,45.292,6598656.0
15:54:37.0,14.72,0.0,19.0,45.15,6598656.0
15:54:38.0,33.83,0.0,8.0,45.685,6598656.0
15:54:39.0,16.5,0.0,16.0,45.703,6598656.0
15:54:40.0,15.577,0.0,24.0,45.964,6598656.0
15:54:41.0,17.171,0.0,10.0,45.975,6598656.0
15:54:42.0,9.09,0.0,17.0,45.477,6598656.0
15:54:43.0,13.131,0.0,10.0,45.929,6598656.0
15:54:44.0,20.408,0.0,22.0,46.389,6598656.0
15:54:45.0,41.116,0.0,75.0,46.305,6598656.0
15:54:46.0,33.673,0.0,40.0,46.5,6598656.0
15:54:47.0,33.502,0.0,58.0,46.001,6598656.0
15:54:48.0,20.895,0.0,37.0,46.38,6598656.0
15:54:49.0,11.5,0.0,16.0,46.083,6598656.0
15:54:50.0,15.384,0.0,23.0,46.004,6598656.0
15:54:51.0,10.152,0.0,11.0,46.074,6598656.0
15:54:52.0,12.626,0.0,19.0,46.51,6598656.0
15:54:53.0,11.224,0.0,9.0,46.609,6598656.0
15:54:54.0,11.0,0.0,12.0,45.893,6598656.0
15:54:55.0,10.152,0.0,28.0,45.215,6598656.0
15:54:56.0,16.243,0.0,24.0,45.479,6598656.0
15:54:57.0,17.412,0.0,13.0,45.024,6598656.0
15:54:58.0,40.0,0.0,20.0,44.773,6598656.0
15:54:59.0,32.487,0.0,21.0,45.122,6598656.0
15:55:00.0,17.5,0.0,12.0,45.404,6598656.0
15:55:01.0,18.461,0.0,15.0,45.809,6598656.0
15:55:02.0,12.0,0.0,13.0,45.763,6598656.0
15:55:03.0,12.935,0.0,15.0,45.998,6598656.0
15:55:04.0,15.999,0.0,18.0,46.254,6598656.0
15:55:05.0,10.05,0.0,12.0,46.247,6598656.0
15:55:06.0,12.307,0.0,17.0,46.03,6598656.0
15:55:07.0,14.778,0.0,18.0,46.096,6598656.0
15:55:08.0,8.08,0.0,6.0,45.788,6598656.0
15:55:09.0,24.242,0.0,39.0,45.107,6598656.0
15:55:10.0,18.367,0.0,18.0,44.913,6598656.0
15:55:11.0,27.777,0.0,52.0,45.018,6598656.0
15:55:12.0,63.636,0.0,77.0,44.553,6598656.0
15:55:13.0,43.216,0.0,16.0,44.583,6598656.0
15:55:14.0,17.085,0.0,23.0,45.077,6598656.0
15:55:15.0,13.93,0.0,8.0,45.69,6598656.0
15:55:16.0,10.606,0.0,13.0,46.012,6598656.0
15:55:17.0,64.0,0.0,93.0,46.187,6598656.0
15:55:18.0,18.0,0.0,19.0,46.687,6598656.0
15:55:19.0,6.06,0.0,13.0,46.567,6598656.0
15:55:20.0,9.743,0.0,29.0,46.051,6598656.0
15:55:21.0,5.128,0.0,7.0,45.841,6598656.0
15:55:22.0,8.0,0.0,12.0,45.575,6598656.0
15:55:23.0,20.304,0.0,15.0,45.783,6598656.0
15:55:24.0,13.999,0.0,13.0,45.141,6598656.0
15:55:25.0,15.92,0.0,19.0,44.425,6598656.0
15:55:26.0,27.777,0.0,22.0,44.667,6598656.0
15:55:27.0,18.974,0.0,25.0,45.062,6598656.0
15:55:28.0,14.948,0.0,9.0,45.651,6598656.0
15:55:29.0,26.804,0.0,46.0,45.569,6598656.0
15:55:30.0,19.17,0.0,15.0,45.87,6598656.0
15:55:31.0,10.309,0.0,13.0,45.445,6598656.0
15:55:32.0,14.432,0.0,6.0,45.681,6598656.0
15:55:33.0,28.35,0.0,22.0,45.219,6598656.0
15:55:34.0,17.616,0.0,19.0,45.081,6598656.0
15:55:35.0,24.352,0.0,13.0,45.042,6598656.0
15:55:36.0,18.041,0.0,19.0,45.609,6598656.0
15:55:37.0,11.917,0.0,16.0,46.06,6598656.0
15:55:38.0,10.937,0.0,9.0,45.962,6598656.0
15:55:39.0,13.775,0.0,15.0,45.955,6598656.0
15:55:40.0,15.025,0.0,13.0,45.456,6598656.0
15:55:41.0,10.714,0.0,10.0,45.429,6598656.0
15:55:42.0,15.384,0.0,22.0,45.439,6598656.0
15:55:43.0,24.365,0.0,14.0,45.333,6598656.0
15:55:44.0,15.151,0.0,12.0,45.244,6598656.0
15:55:45.0,26.633,0.0,19.0,45.053,6598656.0
15:55:46.0,31.818,0.0,22.0,46.107,6598656.0
15:55:47.0,15.384,0.0,39.0,45.733,6598656.0
15:55:48.0,70.918,0.0,100.0,45.679,6598656.0
15:55:49.0,41.836,0.0,47.0,45.648,6598656.0
15:55:50.0,11.855,0.0,14.0,45.891,6598656.0
15:55:51.0,12.244,0.0,19.0,46.859,6598656.0
15:55:52.0,7.614,0.0,10.0,46.856,6598656.0
15:55:53.0,2.061,0.0,8.0,46.351,6598656.0
15:55:54.0,16.836,0.0,43.0,46.167,6598656.0
15:55:55.0,12.82,0.0,21.0,46.018,6598656.0
15:55:56.0,17.171,0.0,12.0,45.421,6598656.0
15:55:57.0,16.417,0.0,13.0,44.49,6598656.0
15:55:58.0,37.563,0.0,18.0,44.549,6598656.0
15:55:59.0,26.767,0.0,18.0,44.969,6598656.0
15:56:00.0,16.243,0.0,7.0,45.321,6598656.0
15:56:01.0,17.766,0.0,22.0,45.292,6598656.0
15:56:02.0,8.673,0.0,8.0,45.831,6598656.0
15:56:03.0,21.319,0.0,35.0,45.737,6598656.0
15:56:04.0,15.151,0.0,26.0,45.693,6598656.0
15:56:05.0,17.241,0.0,16.0,45.457,6598656.0
15:56:06.0,16.243,0.0,14.0,45.88,6598656.0
15:56:07.0,5.05,0.0,10.0,45.646,6598656.0
15:56:08.0,30.456,0.0,32.0,46.254,6598656.0
15:56:09.0,10.204,0.0,12.0,46.224,6598656.0
15:56:10.0,7.253,0.0,15.0,45.806,6598656.0
15:56:11.0,12.935,0.0,20.0,45.903,6598656.0
15:56:12.0,16.923,0.0,15.0,46.094,6598656.0
15:56:13.0,14.646,0.0,24.0,46.509,6598656.0
15:56:14.0,11.675,0.0,17.0,45.993,6598656.0
15:56:15.0,9.644,0.0,14.0,45.749,6598656.0
15:56:16.0,21.608,0.0,44.0,45.11,6598656.0
15:56:17.0,22.388,0.0,27.0,45.648,6598656.0
15:56:18.0,22.959,0.0,25.0,45.06,6598656.0
15:56:19.0,23.711,0.0,19.0,45.878,6598656.0
15:56:20.0,12.562,0.0,5.0,45.813,6598656.0
15:56:21.0,13.775,0.0,16.0,46.096,6598656.0
15:56:22.0,9.644,0.0,23.0,46.088,6598656.0
15:56:23.0,12.06,0.0,8.0,45.876,6598656.0
15:56:24.0,45.408,0.0,85.0,45.768,6598656.0
15:56:25.0,30.845,0.0,56.0,45.258,6598656.0
15:56:26.0,14.925,0.0,7.0,45.323,6598656.0
15:56:27.0,10.552,0.0,10.0,45.436,6598656.0
15:56:28.0,12.0,0.0,21.0,45.078,6598656.0
15:56:29.0,11.675,0.0,16.0,45.455,6598656.0
15:56:30.0,15.5,0.0,18.0,45.459,6598656.0
15:56:31.0,14.432,0.0,10.0,45.44,6598656.0
15:56:32.0,12.244,0.0,14.0,45.236,6598656.0
15:56:33.0,16.145,0.0,10.0,45.245,6598656.0
15:56:34.0,29.081,0.0,19.0,45.376,6598656.0
15:56:35.0,37.373,0.0,28.0,45.397,6598656.0
15:56:36.0,12.105,0.0,17.0,45.734,6598656.0
15:56:37.0,17.616,0.0,27.0,45.921,6598656.0
15:56:38.0,14.062,0.0,30.0,45.801,6598656.0
15:56:39.0,20.833,0.0,16.0,46.504,6598656.0
15:56:40.0,15.736,0.0,19.0,46.169,6598656.0
15:56:41.0,18.652,0.0,19.0,46.446,6598656.0
15:56:42.0,10.769,0.0,14.0,46.284,6598656.0
15:56:43.0,13.846,0.0,17.0,46.768,6598656.0
15:56:44.0,7.692,0.0,11.0,46.433,6598656.0
15:56:45.0,49.214,0.0,73.0,45.95,6598656.0
15:56:46.0,18.556,0.0,17.0,45.382,6598656.0
15:56:47.0,22.448,0.0,25.0,45.123,6598656.0
15:56:48.0,27.272,0.0,13.0,45.411,6598656.0
15:56:49.0,22.164,0.0,14.0,45.65,6598656.0
15:56:50.0,20.618,0.0,43.0,45.688,6598656.0
15:56:51.0,13.333,0.0,12.0,45.056,6598656.0
15:56:52.0,11.979,0.0,7.0,44.906,6598656.0
15:56:53.0,21.354,0.0,16.0,44.863,6598656.0
15:56:54.0,24.615,0.0,25.0,46.052,6598656.0
15:56:55.0,7.772,0.0,25.0,45.617,6598656.0
15:56:57.0,58.461,0.0,82.0,45.197,6598656.0
15:56:58.0,21.134,0.0,17.0,45.823,6598656.0
15:56:59.0,14.871,0.0,29.0,45.72,6598656.0
15:57:00.0,30.927,0.0,18.0,46.44,6598656.0
15:57:01.0,12.755,0.0,10.0,47.096,6598656.0
15:57:02.0,8.854,0.0,22.0,46.438,6598656.0
15:57:03.0,9.693,0.0,16.0,46.055,6598656.0
15:57:04.0,26.666,0.0,45.0,45.189,6598656.0
15:57:05.0,12.953,0.0,25.0,44.528,6598656.0
15:57:06.0,25.888,0.0,19.0,44.77,6598656.0
15:57:07.0,12.82,0.0,16.0,45.02,6598656.0
15:57:08.0,23.737,0.0,22.0,44.907,6598656.0
15:57:09.0,18.5,0.0,20.0,45.497,6598656.0
15:57:10.0,24.352,0.0,13.0,45.621,6598656.0
15:57:11.0,14.795,0.0,14.0,46.465,6598656.0
15:57:12.0,20.103,0.0,33.0,46.074,6598656.0
15:57:13.0,15.075,0.0,9.0,46.486,6598656.0
15:57:14.0,11.111,0.0,13.0,46.192,6598656.0
15:57:15.0,8.205,0.0,11.0,46.182,6598656.0
15:57:16.0,13.131,0.0,10.0,46.095,6598656.0
15:57:17.0,46.153,0.0,75.0,45.8,6598656.0
15:57:18.0,51.53,0.0,55.0,45.713,6598656.0
15:57:19.0,24.623,0.0,32.0,46.049,6598656.0
15:57:20.0,13.567,0.0,10.0,45.729,6598656.0
15:57:21.0,33.333,0.0,52.0,44.894,6598656.0
15:57:22.0,27.272,0.0,22.0,45.265,6598656.0
15:57:23.0,16.161,0.0,13.0,45.693,6598656.0
15:57:24.0,14.646,0.0,16.0,45.29,6598656.0
15:57:25.0,19.587,0.0,20.0,45.713,6598656.0
15:57:26.0,13.567,0.0,16.0,45.705,6598656.0
15:57:27.0,13.197,0.0,17.0,45.903,6598656.0
15:57:28.0,49.494,0.0,72.0,45.83,6598656.0
15:57:29.0,38.048,0.0,41.0,45.924,6598656.0
15:57:30.0,12.06,0.0,7.0,45.948,6598656.0
15:57:31.0,18.686,0.0,35.0,45.512,6598656.0
15:57:32.0,13.265,0.0,6.0,45.716,6598656.0
15:57:33.0,20.0,0.0,27.0,46.063,6598656.0
15:57:34.0,14.285,0.0,14.0,46.237,6598656.0
15:57:35.0,10.309,0.0,13.0,46.143,6598656.0
15:57:36.0,13.5,0.0,22.0,45.614,6598656.0
15:57:37.0,12.371,0.0,10.0,45.694,6598656.0
15:57:38.0,15.736,0.0,20.0,45.635,6598656.0
15:57:39.0,19.095,0.0,23.0,45.344,6598656.0
15:57:40.0,18.686,0.0,22.0,45.402,6598656.0
15:57:41.0,24.102,0.0,18.0,45.586,6598656.0
15:57:42.0,19.387,0.0,14.0,46.493,6598656.0
15:57:43.0,9.23,0.0,11.0,46.423,6598656.0
15:57:44.0,9.278,0.0,16.0,45.751,6598656.0
15:57:45.0,13.989,0.0,15.0,45.954,6598656.0
15:57:46.0,23.589,0.0,26.0,45.92,6598656.0
15:57:47.0,13.265,0.0,24.0,45.845,6598656.0
15:57:48.0,17.5,0.0,17.0,45.92,6598656.0
15:57:49.0,9.743,0.0,20.0,45.808,6598656.0
15:57:50.0,9.693,0.0,10.0,45.641,6598656.0
15:57:51.0,22.164,0.0,20.0,46.187,6598656.0
15:57:52.0,15.306,0.0,8.0,46.268,6598656.0
15:57:53.0,9.693,0.0,9.0,46.326,6598656.0
15:57:54.0,25.128,0.0,49.0,46.085,6598656.0
15:57:55.0,10.309,0.0,9.0,45.912,6598656.0
15:57:56.0,11.917,0.0,19.0,45.92,6598656.0
15:57:57.0,14.871,0.0,21.0,45.686,6598656.0
15:57:58.0,12.953,0.0,11.0,45.856,6598656.0
15:57:59.0,12.565,0.0,32.0,45.602,6598656.0
15:58:00.0,65.463,0.0,79.0,44.852,6598656.0
15:58:01.0,19.897,0.0,25.0,45.069,6598656.0
15:58:02.0,17.616,0.0,16.0,45.192,6598656.0
15:58:03.0,18.556,0.0,21.0,45.431,6598656.0
15:58:04.0,14.646,0.0,19.0,45.306,6598656.0
15:58:05.0,17.435,0.0,38.0,45.523,6598656.0
15:58:06.0,37.948,0.0,66.0,45.065,6598656.0
15:58:07.0,20.603,0.0,17.0,45.363,6598656.0
15:58:08.0,22.164,0.0,25.0,45.172,6598656.0
15:58:09.0,17.346,0.0,20.0,45.444,6598656.0
15:58:10.0,14.646,0.0,9.0,45.428,6598656.0
15:58:11.0,23.076,0.0,46.0,45.931,6598656.0
15:58:12.0,14.285,0.0,15.0,46.459,6598656.0
15:58:13.0,17.085,0.0,18.0,46.366,6598656.0
15:58:14.0,12.69,0.0,10.0,46.697,6598656.0
15:58:15.0,5.128,0.0,19.0,46.425,6598656.0
15:58:16.0,7.07,0.0,9.0,46.24,6598656.0
15:58:17.0,13.775,0.0,15.0,45.808,6598656.0
15:58:18.0,11.282,0.0,15.0,45.502,6598656.0
15:58:19.0,44.845,0.0,27.0,44.031,6598656.0
15:58:20.0,24.873,0.0,28.0,44.594,6598656.0
15:58:21.0,22.842,0.0,27.0,44.848,6598656.0
15:58:22.0,8.808,0.0,26.0,44.555,6598656.0
15:58:23.0,17.525,0.0,21.0,45.03,6598656.0
15:58:24.0,18.367,0.0,19.0,45.509,6598656.0
15:58:25.0,15.228,0.0,25.0,45.719,6598656.0
15:58:26.0,12.82,0.0,12.0,46.065,6598656.0
15:58:27.0,24.873,0.0,41.0,46.011,6598656.0
15:58:28.0,9.743,0.0,9.0,46.189,6598656.0
15:58:29.0,10.309,0.0,12.0,46.542,6598656.0
15:58:30.0,9.23,0.0,13.0,46.594,6598656.0
15:58:31.0,21.761,0.0,49.0,46.256,6598656.0
15:58:32.0,35.678,0.0,54.0,45.845,6598656.0
15:58:33.0,12.435,0.0,12.0,45.761,6598656.0
15:58:34.0,14.5,0.0,15.0,45.824,6598656.0
15:58:35.0,19.289,0.0,29.0,44.935,6598656.0
15:58:36.0,22.164,0.0,20.0,45.586,6598656.0
15:58:37.0,60.512,0.0,68.0,45.255,6598656.0
15:58:38.0,26.02,0.0,37.0,45.147,6598656.0
15:58:39.0,20.408,0.0,19.0,44.495,6598656.0
15:58:40.0,27.5,0.0,13.0,44.885,6598656.0
15:58:41.0,20.304,0.0,12.0,45.607,6598656.0
15:58:42.0,28.061,0.0,44.0,46.105,6598656.0
15:58:43.0,12.953,0.0,16.0,46.849,6598656.0
15:58:44.0,11.734,0.0,14.0,46.895,6598656.0
15:58:45.0,14.432,0.0,17.0,46.553,6598656.0
15:58:46.0,12.69,0.0,12.0,46.489,6598656.0
15:58:47.0,9.183,0.0,12.0,46.21,6598656.0
15:58:48.0,14.795,0.0,19.0,45.953,6598656.0
15:58:49.0,18.274,0.0,17.0,45.444,6598656.0
15:58:50.0,36.0,0.0,22.0,45.56,6598656.0
15:58:51.0,16.417,0.0,28.0,44.691,6598656.0
15:58:52.0,23.469,0.0,22.0,45.267,6598656.0
15:58:53.0,29.441,0.0,20.0,45.051,6598656.0
15:58:54.0,22.5,0.0,28.0,45.381,6598656.0
15:58:55.0,19.696,0.0,27.0,46.515,6598656.0
15:58:56.0,16.326,0.0,19.0,47.203,6598656.0
15:58:57.0,5.612,0.0,14.0,47.261,6598656.0
15:58:58.0,21.428,0.0,50.0,46.791,6598656.0
15:58:59.0,5.102,0.0,16.0,46.817,6598656.0
15:59:00.0,8.5,0.0,9.0,46.541,6598656.0
15:59:01.0,14.572,0.0,13.0,45.615,6598656.0
15:59:02.0,12.244,0.0,10.0,45.38,6598656.0
15:59:03.0,34.536,0.0,58.0,45.752,6598656.0
15:59:04.0,64.467,0.0,71.0,45.474,6598656.0
15:59:05.0,17.085,0.0,10.0,44.653,6598656.0
15:59:06.0,11.855,0.0,13.0,44.467,6598656.0
15:59:07.0,18.974,0.0,14.0,44.42,6598656.0
15:59:08.0,34.0,0.0,27.0,45.109,6598656.0
15:59:09.0,32.142,0.0,66.0,45.174,6598656.0
15:59:10.0,36.224,0.0,44.0,45.821,6598656.0
15:59:11.0,21.538,0.0,14.0,45.994,6598656.0
15:59:12.0,16.666,0.0,23.0,45.795,6598656.0
15:59:13.0,14.646,0.0,9.0,46.043,6598656.0
15:59:14.0,19.387,0.0,12.0,45.959,6598656.0
15:59:15.0,7.614,0.0,20.0,45.817,6598656.0
15:59:16.0,10.769,0.0,12.0,45.61,6598656.0
15:59:17.0,16.58,0.0,27.0,45.996,6598656.0
15:59:18.0,11.111,0.0,18.0,45.808,6598656.0
15:59:19.0,16.243,0.0,18.0,46.087,6598656.0
15:59:20.0,10.204,0.0,19.0,46.255,6598656.0
15:59:21.0,16.243,0.0,17.0,46.69,6598656.0
15:59:22.0,11.734,0.0,14.0,46.49,6598656.0
15:59:23.0,17.412,0.0,11.0,45.883,6598656.0
15:59:24.0,15.228,0.0,22.0,45.827,6598656.0
15:59:25.0,13.131,0.0,23.0,45.714,6598656.0
15:59:26.0,16.08,0.0,16.0,45.792,6598656.0
15:59:27.0,9.844,0.0,19.0,45.41,6598656.0
15:59:28.0,22.5,0.0,25.0,45.813,6598656.0
15:59:29.0,14.795,0.0,13.0,46.136,6598656.0
15:59:30.0,17.435,0.0,14.0,46.233,6598656.0
15:59:31.0,11.167,0.0,24.0,46.06,6598656.0
15:59:32.0,17.587,0.0,6.0,45.694,6598656.0
15:59:33.0,26.943,0.0,51.0,45.269,6598656.0
15:59:34.0,15.151,0.0,15.0,45.042,6598656.0
15:59:35.0,34.17,0.0,59.0,45.279,6598656.0
15:59:36.0,50.0,0.0,52.0,45.271,6598656.0
15:59:37.0,20.707,0.0,12.0,45.521,6598656.0
15:59:38.0,6.701,0.0,13.0,45.522,6598656.0
15:59:39.0,13.989,0.0,20.0,45.374,6598656.0
15:59:40.0,18.367,0.0,20.0,46.037,6598656.0
15:59:41.0,11.5,0.0,14.0,46.174,6598656.0
15:59:42.0,7.653,0.0,13.0,46.08,6598656.0
15:59:43.0,13.402,0.0,16.0,46.16,6598656.0
15:59:44.0,9.693,0.0,20.0,45.284,6598656.0
15:59:45.0,21.649,0.0,40.0,45.823,6598656.0
15:59:46.0,25.888,0.0,47.0,45.781,6598656.0
15:59:47.0,7.653,0.0,10.0,45.856,6598656.0
15:59:48.0,9.278,0.0,14.0,45.706,6598656.0
15:59:49.0,29.743,0.0,18.0,45.577,6598656.0
15:59:50.0,17.01,0.0,18.0,46.198,6598656.0
15:59:51.0,14.07,0.0,14.0,45.791,6598656.0
15:59:52.0,16.666,0.0,20.0,45.584,6598656.0
15:59:53.0,14.285,0.0,17.0,45.817,6598656.0
15:59:54.0,10.659,0.0,13.0,45.032,6598656.0
15:59:55.0,24.747,0.0,16.0,45.084,6598656.0
15:59:56.0,31.155,0.0,33.0,45.024,6598656.0
15:59:57.0,24.873,0.0,20.0,45.712,6598656.0
15:59:58.0,37.435,0.0,13.0,45.78,6598656.0
15:59:59.0,20.895,0.0,25.0,46.307,6598656.0
16:00:00.0,16.08,0.0,17.0,46.663,6598656.0
16:00:01.0,6.185,0.0,17.0,46.01,6598656.0
16:00:02.0,22.051,0.0,15.0,45.847,6598656.0
16:00:03.0,9.045,0.0,11.0,45.79,6598656.0
16:00:04.0,16.666,0.0,15.0,46.27,6598656.0
16:00:05.0,10.416,0.0,12.0,46.066,6598656.0
16:00:06.0,23.979,0.0,41.0,45.981,6598656.0
16:00:07.0,53.608,0.0,83.0,45.305,6598656.0
16:00:08.0,13.846,0.0,25.0,44.298,6598656.0
16:00:09.0,17.525,0.0,15.0,44.367,6598656.0
16:00:10.0,21.0,0.0,17.0,44.792,6598656.0
16:00:11.0,16.41,0.0,17.0,44.688,6598656.0
16:00:12.0,20.0,0.0,14.0,45.166,6598656.0
16:00:13.0,22.335,0.0,22.0,45.473,6598656.0
16:00:14.0,13.065,0.0,10.0,45.514,6598656.0
16:00:15.0,11.282,0.0,13.0,46.206,6598656.0
16:00:16.0,12.562,0.0,8.0,46.332,6598656.0
16:00:17.0,7.653,0.0,12.0,45.957,6598656.0
16:00:18.0,13.567,0.0,32.0,45.681,6598656.0
16:00:19.0,11.855,0.0,15.0,45.798,6598656.0
16:00:20.0,14.795,0.0,25.0,45.652,6598656.0
16:00:21.0,21.827,0.0,22.0,45.238,6598656.0
16:00:22.0,16.41,0.0,19.0,45.896,6598656.0
16:00:23.0,21.608,0.0,25.0,46.195,6598656.0
16:00:24.0,13.333,0.0,11.0,46.412,6598656.0
16:00:25.0,8.205,0.0,13.0,46.152,6598656.0
16:00:26.0,17.766,0.0,14.0,46.076,6598656.0
16:00:27.0,12.121,0.0,20.0,45.765,6598656.0
16:00:28.0,14.72,0.0,16.0,45.399,6598656.0
16:00:29.0,16.923,0.0,19.0,45.511,6598656.0
16:00:30.0,13.636,0.0,12.0,45.337,6598656.0
16:00:31.0,19.0,0.0,17.0,45.348,6598656.0
16:00:32.0,23.762,0.0,13.0,45.308,6598656.0
16:00:33.0,62.5,0.0,82.0,45.095,6598656.0
16:00:34.0,20.304,0.0,19.0,45.138,6598656.0
16:00:35.0,12.244,0.0,9.0,45.167,6598656.0
16:00:36.0,14.285,0.0,10.0,45.465,6598656.0
16:00:37.0,9.644,0.0,8.0,45.131,6598656.0
16:00:38.0,52.284,0.0,61.0,45.577,6598656.0
16:00:39.0,60.103,0.0,61.0,45.266,6598656.0
16:00:40.0,16.417,0.0,13.0,45.375,6598656.0
16:00:41.0,14.948,0.0,10.0,45.608,6598656.0
16:00:42.0,13.636,0.0,17.0,45.883,6598656.0
16:00:43.0,13.775,0.0,13.0,46.146,6598656.0
16:00:44.0,10.101,0.0,14.0,45.763,6598656.0
16:00:45.0,12.244,0.0,15.0,45.577,6598656.0
16:00:46.0,11.734,0.0,14.0,45.39,6598656.0
16:00:47.0,34.183,0.0,36.0,46.347,6598656.0
16:00:48.0,7.216,0.0,9.0,45.901,6598656.0
16:00:49.0,21.938,0.0,23.0,45.377,6598656.0
16:00:50.0,18.181,0.0,16.0,45.554,6598656.0
16:00:51.0,27.638,0.0,25.0,45.059,6598656.0
16:00:52.0,17.01,0.0,14.0,45.58,6598656.0
16:00:53.0,13.333,0.0,20.0,45.67,6598656.0
16:00:54.0,24.242,0.0,27.0,46.422,6598656.0
16:00:55.0,8.585,0.0,11.0,45.941,6598656.0
16:00:56.0,16.0,0.0,19.0,46.697,6598656.0
16:00:57.0,39.898,0.0,49.0,46.725,6598656.0
16:00:58.0,10.714,0.0,13.0,46.739,6598656.0
16:00:59.0,11.34,0.0,13.0,47.091,6598656.0
16:01:00.0,10.309,0.0,20.0,46.814,6598656.0
16:01:01.0,9.693,0.0,4.0,46.822,6598656.0
16:01:02.0,7.653,0.0,12.0,46.166,6598656.0
16:01:03.0,6.091,0.0,18.0,45.438,6598656.0
16:01:04.0,11.055,0.0,9.0,45.288,6598656.0
16:01:05.0,16.08,0.0,19.0,45.404,6598656.0
16:01:06.0,32.487,0.0,24.0,45.379,6598656.0
16:01:07.0,13.402,0.0,16.0,45.018,6598656.0
16:01:08.0,19.402,0.0,13.0,44.393,6598656.0
16:01:09.0,38.888,0.0,17.0,44.722,6598656.0
16:01:10.0,45.408,0.0,90.0,45.483,6598656.0
16:01:11.0,17.346,0.0,19.0,46.271,6598656.0
16:01:12.0,17.766,0.0,17.0,46.172,6598656.0
16:01:13.0,9.743,0.0,16.0,46.168,6598656.0
16:01:14.0,8.542,0.0,13.0,46.455,6598656.0
16:01:15.0,14.07,0.0,15.0,46.408,6598656.0
16:01:16.0,9.693,0.0,19.0,46.2,6598656.0
16:01:17.0,23.383,0.0,17.0,46.324,6598656.0
16:01:18.0,9.644,0.0,18.0,46.198,6598656.0
16:01:19.0,13.846,0.0,17.0,46.122,6598656.0
16:01:20.0,70.558,0.0,79.0,46.081,6598656.0
16:01:21.0,62.944,0.0,71.0,46.055,6598656.0
16:01:22.0,2.538,0.0,12.0,46.036,6598656.0
16:01:23.0,10.05,0.0,22.0,45.394,6598656.0
16:01:24.0,16.062,0.0,12.0,45.318,6598656.0
16:01:25.0,22.222,0.0,30.0,45.217,6598656.0
16:01:26.0,21.212,0.0,15.0,45.594,6598656.0
16:01:27.0,20.512,0.0,21.0,45.922,6598656.0
16:01:28.0,23.589,0.0,22.0,46.296,6598656.0
16:01:29.0,9.23,0.0,7.0,46.116,6598656.0
16:01:30.0,11.055,0.0,16.0,45.999,6598656.0
16:01:31.0,48.205,0.0,53.0,45.479,6598656.0
16:01:32.0,19.387,0.0,18.0,45.906,6598656.0
16:01:33.0,11.794,0.0,11.0,46.138,6598656.0
16:01:34.0,12.307,0.0,14.0,46.139,6598656.0
16:01:35.0,11.282,0.0,12.0,45.995,6598656.0
16:01:36.0,8.629,0.0,15.0,45.819,6598656.0
16:01:37.0,14.432,0.0,18.0,45.934,6598656.0
16:01:38.0,13.705,0.0,12.0,45.823,6598656.0
16:01:39.0,18.592,0.0,12.0,45.062,6598656.0
16:01:40.0,15.151,0.0,20.0,45.43,6598656.0
16:01:41.0,16.062,0.0,12.0,45.293,6598656.0
16:01:42.0,69.543,0.0,91.0,45.421,6598656.0
16:01:43.0,16.062,0.0,17.0,45.32,6598656.0
16:01:44.0,20.408,0.0,20.0,45.666,6598656.0
16:01:45.0,15.736,0.0,10.0,45.849,6598656.0
16:01:46.0,28.5,0.0,11.0,45.036,6598656.0
16:01:47.0,23.195,0.0,18.0,45.777,6598656.0
16:01:48.0,19.587,0.0,25.0,46.15,6598656.0
16:01:49.0,14.795,0.0,13.0,45.933,6598656.0
16:01:50.0,10.606,0.0,13.0,46.103,6598656.0
16:01:51.0,11.557,0.0,22.0,46.245,6598656.0
16:01:52.0,15.306,0.0,14.0,46.15,6598656.0
16:01:53.0,10.659,0.0,15.0,45.605,6598656.0
16:01:54.0,8.762,0.0,10.0,45.597,6598656.0
16:01:55.0,18.781,0.0,35.0,45.546,6598656.0
16:01:56.0,15.306,0.0,20.0,45.912,6598656.0
16:01:57.0,15.151,0.0,16.0,46.082,6598656.0
16:01:58.0,26.767,0.0,72.0,46.03,6598656.0
16:01:59.0,5.102,0.0,16.0,46.222,6598656.0
16:02:00.0,9.137,0.0,10.0,45.534,6598656.0
16:02:01.0,6.03,0.0,7.0,45.289,6598656.0
16:02:02.0,30.15,0.0,28.0,45.701,6598656.0
16:02:03.0,23.857,0.0,22.0,46.304,6598656.0
16:02:04.0,17.171,0.0,27.0,46.044,6598656.0
16:02:05.0,13.432,0.0,18.0,45.848,6598656.0
16:02:06.0,15.656,0.0,15.0,45.951,6598656.0
16:02:07.0,4.06,0.0,6.0,45.959,6598656.0
16:02:08.0,10.659,0.0,22.0,45.683,6598656.0
16:02:09.0,14.795,0.0,15.0,46.284,6598656.0
16:02:10.0,12.06,0.0,9.0,45.919,6598656.0
16:02:11.0,8.163,0.0,11.0,45.513,6598656.0
16:02:12.0,21.608,0.0,24.0,44.875,6598656.0
16:02:13.0,33.507,0.0,75.0,44.883,6598656.0
16:02:14.0,20.202,0.0,48.0,44.491,6598656.0
16:02:15.0,13.065,0.0,15.0,44.411,6598656.0
16:02:16.0,38.693,0.0,16.0,44.608,6598656.0
16:02:17.0,10.101,0.0,18.0,44.529,6598656.0
16:02:18.0,13.197,0.0,18.0,45.456,6598656.0
16:02:19.0,11.734,0.0,18.0,45.698,6598656.0
16:02:20.0,19.095,0.0,20.0,46.19,6598656.0
16:02:21.0,18.877,0.0,34.0,45.831,6598656.0
16:02:22.0,13.333,0.0,9.0,46.206,6598656.0
16:02:23.0,11.111,0.0,8.0,46.524,6598656.0
16:02:24.0,9.693,0.0,18.0,46.117,6598656.0
16:02:25.0,16.923,0.0,12.0,46.331,6598656.0
16:02:26.0,5.076,0.0,9.0,46.159,6598656.0
16:02:27.0,22.051,0.0,15.0,45.55,6598656.0
16:02:28.0,17.587,0.0,21.0,46.05,6598656.0
16:02:29.0,13.333,0.0,10.0,45.904,6598656.0
16:02:30.0,11.855,0.0,15.0,45.591,6598656.0
16:02:31.0,12.244,0.0,9.0,45.308,6598656.0
16:02:32.0,12.244,0.0,15.0,45.149,6598656.0
16:02:33.0,13.989,0.0,20.0,44.765,6598656.0
16:02:34.0,13.917,0.0,21.0,44.657,6598656.0
16:02:35.0,19.791,0.0,23.0,44.793,6598656.0
16:02:36.0,40.932,0.0,34.0,44.813,6598656.0
16:02:37.0,13.089,0.0,13.0,45.682,6598656.0
16:02:38.0,33.854,0.0,50.0,45.589,6598656.0
16:02:39.0,52.82,0.0,82.0,46.169,6598656.0
16:02:40.0,18.556,0.0,12.0,46.809,6598656.0
16:02:41.0,14.583,0.0,27.0,46.926,6598656.0
16:02:42.0,8.163,0.0,9.0,46.782,6598656.0
16:02:43.0,7.653,0.0,6.0,46.906,6598656.0
16:02:44.0,20.312,0.0,47.0,46.226,6598656.0
16:02:45.0,40.101,0.0,65.0,46.095,6598656.0
16:02:46.0,13.265,0.0,15.0,46.064,6598656.0
16:02:47.0,10.256,0.0,12.0,45.727,6598656.0
16:02:48.0,14.432,0.0,23.0,45.893,6598656.0
16:02:49.0,13.541,0.0,19.0,45.074,6598656.0
16:02:50.0,25.52,0.0,22.0,45.296,6598656.0
16:02:51.0,31.122,0.0,24.0,45.379,6598656.0
16:02:52.0,16.062,0.0,13.0,45.703,6598656.0
16:02:53.0,18.556,0.0,16.0,46.438,6598656.0
16:02:54.0,9.844,0.0,16.0,46.366,6598656.0
16:02:55.0,17.01,0.0,22.0,46.347,6598656.0
16:02:56.0,12.371,0.0,13.0,45.604,6598656.0
16:02:57.0,20.918,0.0,10.0,45.52,6598656.0
16:02:58.0,13.989,0.0,13.0,45.781,6598656.0
16:02:59.0,18.041,0.0,19.0,46.412,6598656.0
16:03:00.0,16.666,0.0,18.0,46.664,6598656.0
16:03:01.0,9.424,0.0,19.0,46.667,6598656.0
16:03:02.0,10.526,0.0,17.0,46.391,6598656.0
16:03:03.0,10.362,0.0,17.0,46.126,6598656.0
16:03:04.0,13.775,0.0,17.0,46.04,6598656.0
16:03:05.0,15.384,0.0,10.0,45.999,6598656.0
16:03:06.0,28.712,0.0,54.0,45.766,6598656.0
16:03:07.0,7.179,0.0,6.0,44.966,6598656.0
16:03:08.0,3.045,0.0,15.0,44.225,6598656.0
16:03:09.0,1.538,0.0,6.0,43.686,6598656.0
16:03:10.0,2.551,0.0,0.0,42.511,6598656.0
